,CUST_ID,BALANCE,BALANCE_FREQUENCY,PURCHASES,ONEOFF_PURCHASES,INSTALLMENTS_PURCHASES,CASH_ADVANCE,PURCHASES_FREQUENCY,ONEOFF_PURCHASES_FREQUENCY,PURCHASES_INSTALLMENTS_FREQUENCY,CASH_ADVANCE_FREQUENCY,CASH_ADVANCE_TRX,PURCHASES_TRX,CREDIT_LIMIT,PAYMENTS,MINIMUM_PAYMENTS,PRC_FULL_PAYMENT,TENURE
4470,2345,9629.808851,1.0,0.0,0.0,0.0,4372.393835,0.0,0.0,0.0,0.545455,9,0,12000.0,2468.988022,2134.295731,0.0,11
4471,6785,1040.030221,1.0,0.0,0.0,0.0,1390.64829,0.0,0.0,0.0,0.545455,18,0,1400.0,290.12962,287.994171,0.0,11
4472,7347,1322.818587,1.0,0.0,0.0,0.0,762.301096,0.0,0.0,0.0,0.545455,11,0,1500.0,1035.62732,312.83553,0.0,11
4473,8447,1060.391273,1.0,0.0,0.0,0.0,1475.858013,0.0,0.0,0.0,0.545455,10,0,2000.0,407.36056,277.084736,0.0,11
4474,1995,3447.674222,1.0,205.0,205.0,0.0,4548.057776,0.090909,0.090909,0.0,0.545455,7,1,10500.0,665.239171,817.844662,0.0,11
